Month_year,SampleDate,Country,Location,Experiment,Timepoint,Person_sampling,Tank,Species,ID,Health_status,Sample_type,Sample_num,Sample_box_num,Genet,Tubelabel,Water_temp,Notes
102025,10_04_2025,COL,SAN,Protran1,1,JRT_KG,1,PSTR,1,H,T,1,1,247,COL_SAN_Protran1_1,29.8,
102025,10_04_2025,COL,SAN,Protran1,1,JRT_KG,2,PSTR,2,H,T,2,1,247,COL_SAN_Protran1_2,29.7,
102025,10_04_2025,COL,SAN,Protran1,1,JRT_KG,3,PSTR,3,H,T,3,1,247,COL_SAN_Protran1_3,29.6,
102025,10_04_2025,COL,SAN,Protran1,1,JRT_KG,4,PSTR,4,H,T,4,1,247,COL_SAN_Protran1_4,29.6,
102025,10_04_2025,COL,SAN,Protran1,1,JRT_KG,5,PSTR,5,H,T,5,1,247,COL_SAN_Protran1_5,29.5,
102025,10_04_2025,COL,SAN,Protran1,1,JRT_KG,6,PSTR,6,H,T,6,1,247,COL_SAN_Protran1_6,29.5,
102025,10_04_2025,COL,SAN,Protran1,1,JRT_KG,7,PSTR,7,H,T,7,1,247,COL_SAN_Protran1_7,29.5,
102025,10_04_2025,COL,SAN,Protran1,1,JRT_KG,8,PSTR,8,H,T,8,1,247,COL_SAN_Protran1_8,29.9,
102025,10_04_2025,COL,SAN,Protran1,1,JRT_KG,9,PSTR,9,H,T,9,1,247,COL_SAN_Protran1_9,29.9,
102025,10_04_2025,COL,SAN,Protran1,1,JRT_KG,10,PSTR,10,H,T,10,1,247,COL_SAN_Protran1_10,29.6,
102025,10_04_2025,COL,SAN,Protran1,1,JRT_KG,11,PSTR,11,H,T,11,1,247,COL_SAN_Protran1_11,29.8,
102025,10_04_2025,COL,SAN,Protran1,1,JRT_KG,12,PSTR,12,H,T,12,1,247,COL_SAN_Protran1_12,29.8,
102025,10_04_2025,COL,SAN,Protran1,1,JRT_KG,13,PSTR,13,H,T,13,1,247,COL_SAN_Protran1_13,29.6,
102025,10_04_2025,COL,SAN,Protran1,1,JRT_KG,14,PSTR,14,H,T,14,1,247,COL_SAN_Protran1_14,29.6,
102025,10_04_2025,COL,SAN,Protran1,1,JRT_KG,15,PSTR,15,H,T,15,1,247,COL_SAN_Protran1_15,29.5,
102025,10_04_2025,COL,SAN,Protran1,1,JRT_KG,16,PSTR,16,H,T,16,1,247,COL_SAN_Protran1_16,29.5,
102025,10_04_2025,COL,SAN,Protran1,1,JRT_KG,17,MCAV,17,H,T,17,1,300,COL_SAN_Protran1_17,29.1,
102025,10_04_2025,COL,SAN,Protran1,1,JRT_KG,18,MCAV,18,H,T,18,1,300,COL_SAN_Protran1_18,29,
102025,10_04_2025,COL,SAN,Protran1,1,JRT_KG,19,MCAV,19,H,T,19,1,300,COL_SAN_Protran1_19,28.9,
102025,10_04_2025,COL,SAN,Protran1,1,JRT_KG,20,MCAV,20,H,T,20,1,300,COL_SAN_Protran1_20,28.6,
102025,10_04_2025,COL,SAN,Protran1,1,JRT_KG,21,MCAV,21,H,T,21,1,300,COL_SAN_Protran1_21,29.4,
102025,10_04_2025,COL,SAN,Protran1,1,JRT_KG,22,MCAV,22,H,T,22,1,300,COL_SAN_Protran1_22,28.8,
102025,10_04_2025,COL,SAN,Protran1,1,JRT_KG,23,MCAV,23,H,T,23,1,300,COL_SAN_Protran1_23,28.8,
102025,10_04_2025,COL,SAN,Protran1,1,JRT_KG,24,MCAV,24,H,T,24,1,300,COL_SAN_Protran1_24,28.8,
102025,10_04_2025,COL,SAN,Protran1,1,JRT_KG,25,MCAV,25,H,T,25,1,300,COL_SAN_Protran1_25,29.5,
102025,10_04_2025,COL,SAN,Protran1,1,JRT_KG,26,MCAV,26,H,T,26,1,300,COL_SAN_Protran1_26,29.1,
102025,10_04_2025,COL,SAN,Protran1,1,JRT_KG,27,MCAV,27,H,T,27,1,300,COL_SAN_Protran1_27,28.8,
102025,10_04_2025,COL,SAN,Protran1,1,JRT_KG,28,MCAV,28,H,T,28,1,300,COL_SAN_Protran1_28,28.4,
102025,10_04_2025,COL,SAN,Protran1,1,JRT_KG,29,MCAV,29,H,T,29,1,300,COL_SAN_Protran1_29,29.5,
102025,10_04_2025,COL,SAN,Protran1,1,JRT_KG,30,MCAV,30,H,T,30,1,300,COL_SAN_Protran1_30,29.3,
102025,10_04_2025,COL,SAN,Protran1,1,JRT_KG,31,MCAV,31,H,T,31,1,300,COL_SAN_Protran1_31,29.6,
102025,10_04_2025,COL,SAN,Protran1,1,JRT_KG,32,MCAV,32,H,T,32,1,300,COL_SAN_Protran1_32,29.3,
102025,10_04_2025,COL,SAN,Protran1,1,JRT_KG,33,OFAV,33,H,T,33,1,285,COL_SAN_Protran1_33,29.6,
102025,10_04_2025,COL,SAN,Protran1,1,JRT_KG,34,OFAV,38,H,T,34,1,285,COL_SAN_Protran1_34,29.4,pale
102025,10_04_2025,COL,SAN,Protran1,1,JRT_KG,35,OFAV,34,H,T,35,1,285,COL_SAN_Protran1_35,29.1,pale
102025,10_04_2025,COL,SAN,Protran1,1,JRT_KG,36,OFAV,35,H,T,36,1,285,COL_SAN_Protran1_36,29.3,pale
102025,10_04_2025,COL,SAN,Protran1,1,JRT_KG,37,OFAV,36,H,T,37,1,285,COL_SAN_Protran1_37,29.4,pale
102025,10_04_2025,COL,SAN,Protran1,1,JRT_KG,38,OFAV,37,H,T,38,1,285,COL_SAN_Protran1_38,29.3,pale
102025,10_04_2025,COL,SAN,Protran1,1,JRT_KG,39,OFAV,39,H,T,39,1,285,COL_SAN_Protran1_39,29.1,pale
102025,10_04_2025,COL,SAN,Protran1,1,JRT_KG,40,OFAV,40,H,T,40,1,285,COL_SAN_Protran1_40,29.1,pale
102025,10_04_2025,COL,SAN,Protran1,1,JRT_KG,41,OFAV,41,H,T,41,1,285,COL_SAN_Protran1_41,29,pale
102025,10_04_2025,COL,SAN,Protran1,1,JRT_KG,42,OFAV,42,H,T,42,1,285,COL_SAN_Protran1_42,29,pale
102025,10_04_2025,COL,SAN,Protran1,1,JRT_KG,43,OFAV,43,H,T,43,1,285,COL_SAN_Protran1_43,28.9,pale
102025,10_04_2025,COL,SAN,Protran1,1,JRT_KG,44,OFAV,44,H,T,44,1,285,COL_SAN_Protran1_44,28.9,pale
102025,10_04_2025,COL,SAN,Protran1,1,JRT_KG,45,OFAV,45,H,T,45,1,285,COL_SAN_Protran1_45,29.3,pale
102025,10_04_2025,COL,SAN,Protran1,1,JRT_KG,46,OFAV,46,H,T,46,1,285,COL_SAN_Protran1_46,29.4,"pale, sampled from darkest part"
102025,10_04_2025,COL,SAN,Protran1,1,JRT_KG,47,OFAV,47,H,T,47,1,285,COL_SAN_Protran1_47,29,pale
102025,10_04_2025,COL,SAN,Protran1,1,JRT_KG,48,OFAV,48,H,T,48,1,285,COL_SAN_Protran1_48,29.8,pale
102025,10_04_2025,COL,SAN,Protran1,1,JRT_KG,1,PSTR,49,H,T,49,1,281,COL_SAN_Protran1_49,29.5,
102025,10_04_2025,COL,SAN,Protran1,1,JRT_KG,2,PSTR,50,H,T,50,1,281,COL_SAN_Protran1_50,29,
102025,10_04_2025,COL,SAN,Protran1,1,JRT_KG,3,PSTR,51,H,T,51,1,281,COL_SAN_Protran1_51,29.1,
102025,10_04_2025,COL,SAN,Protran1,1,JRT_KG,4,PSTR,52,H,T,52,1,281,COL_SAN_Protran1_52,28.9,
102025,10_04_2025,COL,SAN,Protran1,1,JRT_KG,5,PSTR,53,H,T,53,1,281,COL_SAN_Protran1_53,29.4,
102025,10_04_2025,COL,SAN,Protran1,1,JRT_KG,6,PSTR,54,H,T,54,1,281,COL_SAN_Protran1_54,29.4,
102025,10_04_2025,COL,SAN,Protran1,1,JRT_KG,7,PSTR,55,H,T,55,1,281,COL_SAN_Protran1_55,29.5,
102025,10_04_2025,COL,SAN,Protran1,1,JRT_KG,8,PSTR,56,H,T,56,1,281,COL_SAN_Protran1_56,29,
102025,10_04_2025,COL,SAN,Protran1,1,JRT_KG,9,PSTR,57,H,T,57,1,281,COL_SAN_Protran1_57,29.8,
102025,10_04_2025,COL,SAN,Protran1,1,JRT_KG,10,PSTR,58,H,T,58,1,281,COL_SAN_Protran1_58,29.4,
102025,10_04_2025,COL,SAN,Protran1,1,JRT_KG,11,PSTR,60,H,T,59,1,281,COL_SAN_Protran1_59,29.6,
102025,10_04_2025,COL,SAN,Protran1,1,JRT_KG,12,PSTR,61,H,T,60,1,281,COL_SAN_Protran1_60,29.5,
102025,10_04_2025,COL,SAN,Protran1,1,JRT_KG,13,PSTR,59,H,T,61,1,281,COL_SAN_Protran1_61,29.5,
102025,10_04_2025,COL,SAN,Protran1,1,JRT_KG,14,PSTR,62,H,T,62,1,281,COL_SAN_Protran1_62,29.8,
102025,10_04_2025,COL,SAN,Protran1,1,JRT_KG,15,PSTR,63,H,T,63,1,281,COL_SAN_Protran1_63,29.5,
102025,10_04_2025,COL,SAN,Protran1,1,JRT_KG,16,PSTR,64,H,T,64,1,281,COL_SAN_Protran1_64,29.6,
102025,10_04_2025,COL,SAN,Protran1,1,JRT_KG,17,MCAV,69,H,T,65,1,26,COL_SAN_Protran1_65,29.4,
102025,10_04_2025,COL,SAN,Protran1,1,JRT_KG,18,MCAV,65,H,T,66,1,26,COL_SAN_Protran1_66,29.3,
102025,10_04_2025,COL,SAN,Protran1,1,JRT_KG,19,MCAV,66,H,T,67,1,26,COL_SAN_Protran1_67,29.2,
102025,10_04_2025,COL,SAN,Protran1,1,JRT_KG,20,MCAV,67,H,T,68,1,26,COL_SAN_Protran1_68,29.1,
102025,10_04_2025,COL,SAN,Protran1,1,JRT_KG,21,MCAV,68,H,T,69,1,26,COL_SAN_Protran1_69,29.9,
102025,10_04_2025,COL,SAN,Protran1,1,JRT_KG,22,MCAV,70,H,T,70,1,26,COL_SAN_Protran1_70,29.8,
102025,10_04_2025,COL,SAN,Protran1,1,JRT_KG,23,MCAV,71,H,T,71,1,26,COL_SAN_Protran1_71,29.8,
102025,10_04_2025,COL,SAN,Protran1,1,JRT_KG,24,MCAV,72,H,T,72,1,26,COL_SAN_Protran1_72,29.8,
102025,10_04_2025,COL,SAN,Protran1,1,JRT_KG,25,MCAV,73,H,T,73,1,26,COL_SAN_Protran1_73,30,
102025,10_04_2025,COL,SAN,Protran1,1,JRT_KG,26,MCAV,74,H,T,74,1,26,COL_SAN_Protran1_74,29.8,
102025,10_04_2025,COL,SAN,Protran1,1,JRT_KG,27,MCAV,75,H,T,75,1,26,COL_SAN_Protran1_75,29.7,
102025,10_04_2025,COL,SAN,Protran1,1,JRT_KG,28,MCAV,76,H,T,76,1,26,COL_SAN_Protran1_76,29.6,
102025,10_04_2025,COL,SAN,Protran1,1,JRT_KG,29,MCAV,77,H,T,77,1,26,COL_SAN_Protran1_77,30.1,
102025,10_04_2025,COL,SAN,Protran1,1,JRT_KG,30,MCAV,78,H,T,78,1,26,COL_SAN_Protran1_78,29.8,
102025,10_04_2025,COL,SAN,Protran1,1,JRT_KG,31,MCAV,79,H,T,79,1,26,COL_SAN_Protran1_79,30.1,
102025,10_04_2025,COL,SAN,Protran1,1,JRT_KG,32,MCAV,80,H,T,80,1,26,COL_SAN_Protran1_80,30.2,
102025,10_04_2025,COL,SAN,Protran1,1,JRT_KG,33,OFAV,81,H,T,81,1,9,COL_SAN_Protran1_81,30,pale line on side
102025,10_04_2025,COL,SAN,Protran1,1,JRT_KG,34,OFAV,82,H,T,82,2,9,COL_SAN_Protran1_82,29.8,
102025,10_04_2025,COL,SAN,Protran1,1,JRT_KG,35,OFAV,83,H,T,83,2,9,COL_SAN_Protran1_83,29.6,
102025,10_04_2025,COL,SAN,Protran1,1,JRT_KG,36,OFAV,84,H,T,84,2,9,COL_SAN_Protran1_84,29.8,
102025,10_04_2025,COL,SAN,Protran1,1,JRT_KG,37,OFAV,85,H,T,85,2,9,COL_SAN_Protran1_85,29.9,white on edge
102025,10_04_2025,COL,SAN,Protran1,1,JRT_KG,38,OFAV,86,H,T,86,2,9,COL_SAN_Protran1_86,29.5,
102025,10_04_2025,COL,SAN,Protran1,1,JRT_KG,39,OFAV,87,H,T,87,2,9,COL_SAN_Protran1_87,29.6,
102025,10_04_2025,COL,SAN,Protran1,1,JRT_KG,40,OFAV,88,H,T,88,2,9,COL_SAN_Protran1_88,29.9,
102025,10_04_2025,COL,SAN,Protran1,1,JRT_KG,41,OFAV,89,H,T,89,2,9,COL_SAN_Protran1_89,29.5,
102025,10_04_2025,COL,SAN,Protran1,1,JRT_KG,42,OFAV,90,H,T,90,2,9,COL_SAN_Protran1_90,29.5,pale on top
102025,10_04_2025,COL,SAN,Protran1,1,JRT_KG,43,OFAV,91,H,T,91,2,9,COL_SAN_Protran1_91,29.3,
102025,10_04_2025,COL,SAN,Protran1,1,JRT_KG,44,OFAV,92,H,T,92,2,9,COL_SAN_Protran1_92,29.5,
102025,10_04_2025,COL,SAN,Protran1,1,JRT_KG,45,OFAV,93,H,T,93,2,9,COL_SAN_Protran1_93,29.5,
102025,10_04_2025,COL,SAN,Protran1,1,JRT_KG,46,OFAV,94,H,T,94,2,9,COL_SAN_Protran1_94,29.6,
102025,10_04_2025,COL,SAN,Protran1,1,JRT_KG,47,OFAV,95,H,T,95,2,9,COL_SAN_Protran1_95,29.2,
102025,10_04_2025,COL,SAN,Protran1,1,JRT_KG,48,OFAV,96,H,T,96,2,9,COL_SAN_Protran1_96,29.2,
102025,10_04_2025,COL,SAN,Protran1,1,JRT_KG,1,PSTR,97,H,T,97,2,31,COL_SAN_Protran1_97,29.8,
102025,10_04_2025,COL,SAN,Protran1,1,JRT_KG,2,PSTR,98,H,T,98,2,31,COL_SAN_Protran1_98,29.8,
102025,10_04_2025,COL,SAN,Protran1,1,JRT_KG,3,PSTR,99,H,T,99,2,31,COL_SAN_Protran1_99,29.7,
102025,10_04_2025,COL,SAN,Protran1,1,JRT_KG,4,PSTR,100,H,T,100,2,31,COL_SAN_Protran1_100,29.6,
102025,10_04_2025,COL,SAN,Protran1,1,JRT_KG,5,PSTR,101,H,T,101,2,31,COL_SAN_Protran1_101,29.9,
102025,10_04_2025,COL,SAN,Protran1,1,JRT_KG,6,PSTR,102,H,T,102,2,31,COL_SAN_Protran1_102,29.9,
102025,10_04_2025,COL,SAN,Protran1,1,JRT_KG,7,PSTR,103,H,T,103,2,31,COL_SAN_Protran1_103,30.1,
102025,10_04_2025,COL,SAN,Protran1,1,JRT_KG,8,PSTR,104,H,T,104,2,31,COL_SAN_Protran1_104,29.5,
102025,10_04_2025,COL,SAN,Protran1,1,JRT_KG,9,PSTR,105,H,T,105,2,31,COL_SAN_Protran1_105,30.1,
102025,10_04_2025,COL,SAN,Protran1,1,JRT_KG,10,PSTR,106,H,T,106,2,31,COL_SAN_Protran1_106,29.1,
102025,10_04_2025,COL,SAN,Protran1,1,JRT_KG,11,PSTR,107,H,T,107,2,31,COL_SAN_Protran1_107,30.1,
102025,10_04_2025,COL,SAN,Protran1,1,JRT_KG,12,PSTR,108,H,T,108,2,31,COL_SAN_Protran1_108,29.9,
102025,10_04_2025,COL,SAN,Protran1,1,JRT_KG,13,PSTR,109,H,T,109,2,31,COL_SAN_Protran1_109,29.7,
102025,10_04_2025,COL,SAN,Protran1,1,JRT_KG,14,PSTR,110,H,T,110,2,31,COL_SAN_Protran1_110,29.8,
102025,10_04_2025,COL,SAN,Protran1,1,JRT_KG,15,PSTR,111,H,T,111,2,31,COL_SAN_Protran1_111,29.7,
102025,10_04_2025,COL,SAN,Protran1,1,JRT_KG,16,PSTR,112,H,T,112,2,31,COL_SAN_Protran1_112,29.6,
102025,10_04_2025,COL,SAN,Protran1,1,JRT_KG,17,MCAV,113,H,T,113,2,29,COL_SAN_Protran1_113,29.6,
102025,10_04_2025,COL,SAN,Protran1,1,JRT_KG,18,MCAV,114,H,T,114,2,29,COL_SAN_Protran1_114,29.6,
102025,10_04_2025,COL,SAN,Protran1,1,JRT_KG,19,MCAV,115,H,T,115,2,29,COL_SAN_Protran1_115,29.5,
102025,10_04_2025,COL,SAN,Protran1,1,JRT_KG,20,MCAV,116,H,T,116,2,29,COL_SAN_Protran1_116,29.5,
102025,10_04_2025,COL,SAN,Protran1,1,JRT_KG,21,MCAV,117,H,T,117,2,29,COL_SAN_Protran1_117,30,
102025,10_04_2025,COL,SAN,Protran1,1,JRT_KG,22,MCAV,118,H,T,118,2,29,COL_SAN_Protran1_118,29.8,
102025,10_04_2025,COL,SAN,Protran1,1,JRT_KG,23,MCAV,119,H,T,119,2,29,COL_SAN_Protran1_119,29.7,
102025,10_04_2025,COL,SAN,Protran1,1,JRT_KG,24,MCAV,120,H,T,120,2,29,COL_SAN_Protran1_120,29.9,
102025,10_04_2025,COL,SAN,Protran1,1,JRT_KG,25,MCAV,121,H,T,121,2,29,COL_SAN_Protran1_121,29.8,
102025,10_04_2025,COL,SAN,Protran1,1,JRT_KG,26,MCAV,122,H,T,122,2,29,COL_SAN_Protran1_122,29.7,
102025,10_04_2025,COL,SAN,Protran1,1,JRT_KG,27,MCAV,123,H,T,123,2,29,COL_SAN_Protran1_123,29.6,
102025,10_04_2025,COL,SAN,Protran1,1,JRT_KG,28,MCAV,124,H,T,124,2,29,COL_SAN_Protran1_124,29.6,
102025,10_04_2025,COL,SAN,Protran1,1,JRT_KG,29,MCAV,125,H,T,125,2,29,COL_SAN_Protran1_125,29.3,
102025,10_04_2025,COL,SAN,Protran1,1,JRT_KG,30,MCAV,126,H,T,126,2,29,COL_SAN_Protran1_126,29.1,
102025,10_04_2025,COL,SAN,Protran1,1,JRT_KG,31,MCAV,127,H,T,127,2,29,COL_SAN_Protran1_127,29.5,
102025,10_04_2025,COL,SAN,Protran1,1,JRT_KG,32,MCAV,128,H,T,128,2,29,COL_SAN_Protran1_128,29.5,
102025,10_04_2025,COL,SAN,Protran1,1,JRT_KG,33,OFAV,129,H,T,129,2,293,COL_SAN_Protran1_129,29.4,
102025,10_04_2025,COL,SAN,Protran1,1,JRT_KG,34,OFAV,130,H,T,130,2,293,COL_SAN_Protran1_130,29.3,
102025,10_04_2025,COL,SAN,Protran1,1,JRT_KG,35,OFAV,131,H,T,131,2,293,COL_SAN_Protran1_131,29.8,
102025,10_04_2025,COL,SAN,Protran1,1,JRT_KG,36,OFAV,132,H,T,132,2,293,COL_SAN_Protran1_132,29.1,
102025,10_04_2025,COL,SAN,Protran1,1,JRT_KG,37,OFAV,133,H,T,133,2,293,COL_SAN_Protran1_133,29.4,
102025,10_04_2025,COL,SAN,Protran1,1,JRT_KG,38,OFAV,134,H,T,134,2,293,COL_SAN_Protran1_134,28.9,
102025,10_04_2025,COL,SAN,Protran1,1,JRT_KG,39,OFAV,135,H,T,135,2,293,COL_SAN_Protran1_135,28.9,
102025,10_04_2025,COL,SAN,Protran1,1,JRT_KG,40,OFAV,136,H,T,136,2,293,COL_SAN_Protran1_136,28.8,
102025,10_04_2025,COL,SAN,Protran1,1,JRT_KG,41,OFAV,137,H,T,137,2,293,COL_SAN_Protran1_137,28.9,
102025,10_04_2025,COL,SAN,Protran1,1,JRT_KG,42,OFAV,138,H,T,138,2,293,COL_SAN_Protran1_138,28.8,
102025,10_04_2025,COL,SAN,Protran1,1,JRT_KG,43,OFAV,139,H,T,139,2,293,COL_SAN_Protran1_139,28.9,
102025,10_04_2025,COL,SAN,Protran1,1,JRT_KG,44,OFAV,140,H,T,140,2,293,COL_SAN_Protran1_140,28.8,
102025,10_04_2025,COL,SAN,Protran1,1,JRT_KG,45,OFAV,141,H,T,141,2,293,COL_SAN_Protran1_141,28.5,
102025,10_04_2025,COL,SAN,Protran1,1,JRT_KG,46,OFAV,142,H,T,142,2,293,COL_SAN_Protran1_142,28.5,
102025,10_04_2025,COL,SAN,Protran1,1,JRT_KG,47,OFAV,143,H,T,143,2,293,COL_SAN_Protran1_143,28.1,
102025,10_04_2025,COL,SAN,Protran1,1,JRT_KG,48,OFAV,144,H,T,144,2,293,COL_SAN_Protran1_144,28.9,
102025,10_11_2025,COL,SAN,Protran1,2,FMA_NJU,1,PSTR,97,H,T,145,2,,COL_SAN_Protran1_145,,
102025,10_11_2025,COL,SAN,Protran1,2,FMA_NJU,1,PSTR,49,H,T,146,2,,COL_SAN_Protran1_146,,
102025,10_11_2025,COL,SAN,Protran1,2,FMA_NJU,1,PSTR,1,H,T,147,2,,COL_SAN_Protran1_147,,
102025,10_11_2025,COL,SAN,Protran1,2,FMA_NJU,2,PSTR,2,H,T,148,2,,COL_SAN_Protran1_148,,
102025,10_11_2025,COL,SAN,Protran1,2,FMA_NJU,2,PSTR,98,H,T,149,2,,COL_SAN_Protran1_149,,
102025,10_11_2025,COL,SAN,Protran1,2,FMA_NJU,2,PSTR,50,H,T,150,2,,COL_SAN_Protran1_150,,
102025,10_11_2025,COL,SAN,Protran1,2,FMA_NJU,3,PSTR,3,H,T,151,2,,COL_SAN_Protran1_151,,
102025,10_11_2025,COL,SAN,Protran1,2,FMA_NJU,3,PSTR,99,H,T,152,2,,COL_SAN_Protran1_152,,
102025,10_11_2025,COL,SAN,Protran1,2,FMA_NJU,3,PSTR,51,H,T,153,2,,COL_SAN_Protran1_153,,
102025,10_11_2025,COL,SAN,Protran1,2,FMA_NJU,4,PSTR,4,H,T,154,2,,COL_SAN_Protran1_154,,
102025,10_11_2025,COL,SAN,Protran1,2,FMA_NJU,4,PSTR,52,H,T,155,2,,COL_SAN_Protran1_155,,
102025,10_11_2025,COL,SAN,Protran1,2,FMA_NJU,4,PSTR,100,H,T,156,2,,COL_SAN_Protran1_156,,
102025,10_11_2025,COL,SAN,Protran1,2,FMA_NJU,17,MCAV,17,H,T,157,2,,COL_SAN_Protran1_157,,
102025,10_11_2025,COL,SAN,Protran1,2,FMA_NJU,17,MCAV,69,H,T,158,2,,COL_SAN_Protran1_158,,
102025,10_11_2025,COL,SAN,Protran1,2,FMA_NJU,17,MCAV,113,H,T,159,2,,COL_SAN_Protran1_159,,
102025,10_11_2025,COL,SAN,Protran1,2,FMA_NJU,18,MCAV,65,H,T,160,2,,COL_SAN_Protran1_160,,
102025,10_11_2025,COL,SAN,Protran1,2,FMA_NJU,18,MCAV,114,H,T,161,2,,COL_SAN_Protran1_161,,
102025,10_11_2025,COL,SAN,Protran1,2,FMA_NJU,18,MCAV,18,H,T,162,2,,COL_SAN_Protran1_162,,
102025,10_11_2025,COL,SAN,Protran1,2,FMA_NJU,19,MCAV,115,H,T,163,2,,COL_SAN_Protran1_163,,
102025,10_11_2025,COL,SAN,Protran1,2,FMA_NJU,19,MCAV,66,H,T,164,2,,COL_SAN_Protran1_164,,
102025,10_11_2025,COL,SAN,Protran1,2,FMA_NJU,19,MCAV,19,H,T,165,2,,COL_SAN_Protran1_165,,
102025,10_11_2025,COL,SAN,Protran1,2,FMA_NJU,20,MCAV,116,H,T,166,2,,COL_SAN_Protran1_166,,
102025,10_11_2025,COL,SAN,Protran1,2,FMA_NJU,20,MCAV,67,H,T,167,2,,COL_SAN_Protran1_167,,
102025,10_11_2025,COL,SAN,Protran1,2,FMA_NJU,20,MCAV,20,H,T,168,2,,COL_SAN_Protran1_168,,
102025,10_11_2025,COL,SAN,Protran1,2,FMA_NJU,33,OFAV,81,H,T,169,2,,COL_SAN_Protran1_169,,little bit of white
102025,10_11_2025,COL,SAN,Protran1,2,FMA_NJU,33,OFAV,33,H,T,170,2,,COL_SAN_Protran1_170,,white edges
102025,10_11_2025,COL,SAN,Protran1,2,FMA_NJU,33,OFAV,129,H,T,171,2,,COL_SAN_Protran1_171,,very pale
102025,10_11_2025,COL,SAN,Protran1,2,FMA_NJU,34,OFAV,38,H,T,172,2,,COL_SAN_Protran1_172,,
102025,10_11_2025,COL,SAN,Protran1,2,FMA_NJU,34,OFAV,130,H,T,173,2,,COL_SAN_Protran1_173,,some white splotches
102025,10_11_2025,COL,SAN,Protran1,2,FMA_NJU,34,OFAV,82,H,T,174,2,,COL_SAN_Protran1_174,,
102025,10_11_2025,COL,SAN,Protran1,2,FMA_NJU,35,OFAV,34,H,T,175,2,,COL_SAN_Protran1_175,,white splotches on edge
102025,10_11_2025,COL,SAN,Protran1,2,FMA_NJU,35,OFAV,83,H,T,176,2,,COL_SAN_Protran1_176,,
102025,10_11_2025,COL,SAN,Protran1,2,FMA_NJU,35,OFAV,131,H,T,177,2,,COL_SAN_Protran1_177,,pale
102025,10_11_2025,COL,SAN,Protran1,2,FMA_NJU,36,OFAV,35,H,T,178,2,,COL_SAN_Protran1_178,,2 pale edges
102025,10_11_2025,COL,SAN,Protran1,2,FMA_NJU,36,OFAV,84,H,T,179,2,,COL_SAN_Protran1_179,,
102025,10_11_2025,COL,SAN,Protran1,2,FMA_NJU,36,OFAV,132,H,T,180,2,,COL_SAN_Protran1_180,,1 white polyp - maybe from last sampling
102025,10_11_2025,COL,SAN,Protran1,2,FMA_NJU,5,PSTR,53,H,T,181,2,,COL_SAN_Protran1_181,,
102025,10_11_2025,COL,SAN,Protran1,2,FMA_NJU,5,PSTR,101,H,T,182,3,,COL_SAN_Protran1_182,,
102025,10_11_2025,COL,SAN,Protran1,2,FMA_NJU,5,PSTR,5,H,T,183,3,,COL_SAN_Protran1_183,,
102025,10_11_2025,COL,SAN,Protran1,2,FMA_NJU,6,PSTR,54,H,T,184,3,,COL_SAN_Protran1_184,,
102025,10_11_2025,COL,SAN,Protran1,2,FMA_NJU,6,PSTR,6,H,T,185,3,,COL_SAN_Protran1_185,,
102025,10_11_2025,COL,SAN,Protran1,2,FMA_NJU,6,PSTR,102,H,T,186,3,,COL_SAN_Protran1_186,,
102025,10_11_2025,COL,SAN,Protran1,2,FMA_NJU,7,PSTR,55,H,T,187,3,,COL_SAN_Protran1_187,,
102025,10_11_2025,COL,SAN,Protran1,2,FMA_NJU,7,PSTR,103,H,T,188,3,,COL_SAN_Protran1_188,,
102025,10_11_2025,COL,SAN,Protran1,2,FMA_NJU,7,PSTR,7,H,T,189,3,,COL_SAN_Protran1_189,,
102025,10_11_2025,COL,SAN,Protran1,2,FMA_NJU,8,PSTR,104,H,T,190,3,,COL_SAN_Protran1_190,,
102025,10_11_2025,COL,SAN,Protran1,2,FMA_NJU,8,PSTR,56,H,T,191,3,,COL_SAN_Protran1_191,,
102025,10_11_2025,COL,SAN,Protran1,2,FMA_NJU,8,PSTR,8,H,T,192,3,,COL_SAN_Protran1_192,,
102025,10_11_2025,COL,SAN,Protran1,2,FMA_NJU,21,MCAV,117,H,T,193,3,,COL_SAN_Protran1_193,,
102025,10_11_2025,COL,SAN,Protran1,2,FMA_NJU,21,MCAV,68,H,T,194,3,,COL_SAN_Protran1_194,,
102025,10_11_2025,COL,SAN,Protran1,2,FMA_NJU,21,MCAV,21,H,T,195,3,,COL_SAN_Protran1_195,,
102025,10_11_2025,COL,SAN,Protran1,2,FMA_NJU,22,MCAV,70,H,T,196,3,,COL_SAN_Protran1_196,,
102025,10_11_2025,COL,SAN,Protran1,2,FMA_NJU,22,MCAV,22,H,T,197,3,,COL_SAN_Protran1_197,,
102025,10_11_2025,COL,SAN,Protran1,2,FMA_NJU,22,MCAV,118,H,T,198,3,,COL_SAN_Protran1_198,,some white on edge polyps
102025,10_11_2025,COL,SAN,Protran1,2,FMA_NJU,23,MCAV,119,H,T,199,3,,COL_SAN_Protran1_199,,polyp mangled to get the sample
102025,10_11_2025,COL,SAN,Protran1,2,FMA_NJU,23,MCAV,71,H,T,200,3,,COL_SAN_Protran1_200,,
102025,10_11_2025,COL,SAN,Protran1,2,FMA_NJU,23,MCAV,23,H,T,201,3,,COL_SAN_Protran1_201,,
102025,10_11_2025,COL,SAN,Protran1,2,FMA_NJU,24,MCAV,120,H,T,202,3,,COL_SAN_Protran1_202,,1 edge polyp is white
102025,10_11_2025,COL,SAN,Protran1,2,FMA_NJU,24,MCAV,72,H,T,203,3,,COL_SAN_Protran1_203,,white spot on edge polyp
102025,10_11_2025,COL,SAN,Protran1,2,FMA_NJU,24,MCAV,24,H,T,204,3,,COL_SAN_Protran1_204,,
102025,10_11_2025,COL,SAN,Protran1,2,FMA_NJU,37,OFAV,85,H,T,205,3,,COL_SAN_Protran1_205,,whiteish edge
102025,10_11_2025,COL,SAN,Protran1,2,FMA_NJU,37,OFAV,133,H,T,206,3,,COL_SAN_Protran1_206,,pale
102025,10_11_2025,COL,SAN,Protran1,2,FMA_NJU,37,OFAV,36,H,T,207,3,,COL_SAN_Protran1_207,,"1 white polyp, not from sample"
102025,10_11_2025,COL,SAN,Protran1,2,FMA_NJU,38,OFAV,37,dying/pale,T,208,3,,COL_SAN_Protran1_208,,"very white, dying"
102025,10_11_2025,COL,SAN,Protran1,2,FMA_NJU,38,OFAV,134,dying/pale,T,209,3,,COL_SAN_Protran1_209,,"dying, white line, cyano growth"
102025,10_11_2025,COL,SAN,Protran1,2,FMA_NJU,38,OFAV,86,dying/pale,T,210,3,,COL_SAN_Protran1_210,,"white edge line, cyano growth"
102025,10_11_2025,COL,SAN,Protran1,2,FMA_NJU,39,OFAV,87,H,T,211,,,COL_SAN_Protran1_211,,looks good
102025,10_11_2025,COL,SAN,Protran1,2,FMA_NJU,39,OFAV,39,H,T,212,,,COL_SAN_Protran1_212,,paling/white edge sloughy side
102025,10_11_2025,COL,SAN,Protran1,2,FMA_NJU,39,OFAV,135,pale,T,213,,,COL_SAN_Protran1_213,,pale
102025,10_11_2025,COL,SAN,Protran1,2,FMA_NJU,40,OFAV,136,pale,T,214,,,COL_SAN_Protran1_214,,pale
102025,10_11_2025,COL,SAN,Protran1,2,FMA_NJU,40,OFAV,40,pale/dying,T,215,,,COL_SAN_Protran1_215,,"dying, white line, cyano growth"
102025,10_11_2025,COL,SAN,Protran1,2,FMA_NJU,40,OFAV,88,dying/pale,M,216,,,COL_SAN_Protran1_216,,dying - white band
102025,10_11_2025,COL,SAN,Protran1,2,FMA_NJU,40,OFAV,88,,T,217,,,COL_SAN_Protran1_217,,dying - white band
102025,10_11_2025,COL,SAN,Protran1,2,FMA_NJU,9,PSTR,105,H,T,218,,,COL_SAN_Protran1_218,,
102025,10_11_2025,COL,SAN,Protran1,2,FMA_NJU,9,PSTR,57,H,T,219,,,COL_SAN_Protran1_219,,
102025,10_11_2025,COL,SAN,Protran1,2,FMA_NJU,9,PSTR,9,H,T,220,,,COL_SAN_Protran1_220,,
102025,10_11_2025,COL,SAN,Protran1,2,FMA_NJU,10,PSTR,58,H,T,221,,,COL_SAN_Protran1_221,,
102025,10_11_2025,COL,SAN,Protran1,2,FMA_NJU,10,PSTR,10,H,T,222,,,COL_SAN_Protran1_222,,
102025,10_11_2025,COL,SAN,Protran1,2,FMA_NJU,10,PSTR,106,H,T,223,,,COL_SAN_Protran1_223,,
102025,10_11_2025,COL,SAN,Protran1,2,FMA_NJU,11,PSTR,11,H,T,224,,,COL_SAN_Protran1_224,,
102025,10_11_2025,COL,SAN,Protran1,2,FMA_NJU,11,PSTR,107,H,T,225,,,COL_SAN_Protran1_225,,
102025,10_11_2025,COL,SAN,Protran1,2,FMA_NJU,11,PSTR,60,H,T,226,,,COL_SAN_Protran1_226,,
102025,10_11_2025,COL,SAN,Protran1,2,FMA_NJU,12,PSTR,61,H,T,227,,,COL_SAN_Protran1_227,,
102025,10_11_2025,COL,SAN,Protran1,2,FMA_NJU,12,PSTR,12,H,T,228,,,COL_SAN_Protran1_228,,
102025,10_11_2025,COL,SAN,Protran1,2,FMA_NJU,12,PSTR,108,H,T,229,,,COL_SAN_Protran1_229,,
102025,10_11_2025,COL,SAN,Protran1,2,FMA_NJU,25,MCAV,25,H,T,230,,,COL_SAN_Protran1_230,,
102025,10_11_2025,COL,SAN,Protran1,2,FMA_NJU,25,MCAV,73,H,T,231,,,COL_SAN_Protran1_231,,
102025,10_11_2025,COL,SAN,Protran1,2,FMA_NJU,25,MCAV,121,H,T,232,,,COL_SAN_Protran1_232,,
102025,10_11_2025,COL,SAN,Protran1,2,FMA_NJU,26,MCAV,26,H,T,233,,,COL_SAN_Protran1_233,,
102025,10_11_2025,COL,SAN,Protran1,2,FMA_NJU,26,MCAV,74,H,T,234,,,COL_SAN_Protran1_234,,
102025,10_11_2025,COL,SAN,Protran1,2,FMA_NJU,26,MCAV,122,H,T,235,,,COL_SAN_Protran1_235,,
102025,10_11_2025,COL,SAN,Protran1,2,FMA_NJU,27,MCAV,123,H,T,236,,,COL_SAN_Protran1_236,,
102025,10_11_2025,COL,SAN,Protran1,2,FMA_NJU,27,MCAV,75,H,T,237,,,COL_SAN_Protran1_237,,
102025,10_11_2025,COL,SAN,Protran1,2,FMA_NJU,27,MCAV,27,H,T,238,,,COL_SAN_Protran1_238,,
102025,10_11_2025,COL,SAN,Protran1,2,FMA_NJU,28,MCAV,124,H,T,239,,,COL_SAN_Protran1_239,,
102025,10_11_2025,COL,SAN,Protran1,2,FMA_NJU,28,MCAV,76,H,T,240,,,COL_SAN_Protran1_240,,
102025,10_11_2025,COL,SAN,Protran1,2,FMA_NJU,28,MCAV,28,H,T,241,,,COL_SAN_Protran1_241,,
102025,10_11_2025,COL,SAN,Protran1,2,FMA_NJU,41,OFAV,41,H,T,242,,,COL_SAN_Protran1_242,,pale on edge
102025,10_11_2025,COL,SAN,Protran1,2,FMA_NJU,41,OFAV,137,H,T,243,,,COL_SAN_Protran1_243,,pale
102025,10_11_2025,COL,SAN,Protran1,2,FMA_NJU,41,OFAV,89,H,T,244,,,COL_SAN_Protran1_244,,
102025,10_11_2025,COL,SAN,Protran1,2,FMA_NJU,42,OFAV,90,H,T,245,,,COL_SAN_Protran1_245,,
102025,10_11_2025,COL,SAN,Protran1,2,FMA_NJU,42,OFAV,42,H,T,246,,,COL_SAN_Protran1_246,,
102025,10_11_2025,COL,SAN,Protran1,2,FMA_NJU,42,OFAV,138,H,T,247,,,COL_SAN_Protran1_247,,"pale, white on edge near original sample"
102025,10_11_2025,COL,SAN,Protran1,2,FMA_NJU,43,OFAV,91,H,T,248,,,COL_SAN_Protran1_248,,
102025,10_11_2025,COL,SAN,Protran1,2,FMA_NJU,43,OFAV,43,H,T,249,,,COL_SAN_Protran1_249,,
102025,10_11_2025,COL,SAN,Protran1,2,FMA_NJU,43,OFAV,139,H,T,250,,,COL_SAN_Protran1_250,,"pale, algae growth on side"
102025,10_11_2025,COL,SAN,Protran1,2,FMA_NJU,44,OFAV,44,H,T,251,,,COL_SAN_Protran1_251,,
102025,10_11_2025,COL,SAN,Protran1,2,FMA_NJU,44,OFAV,140,H,T,252,,,COL_SAN_Protran1_252,,pale
102025,10_11_2025,COL,SAN,Protran1,2,FMA_NJU,44,OFAV,92,H,T,253,,,COL_SAN_Protran1_253,,
102025,10_11_2025,COL,SAN,Protran1,2,FMA_NJU,13,PSTR,13,H,T,254,,,COL_SAN_Protran1_254,,
102025,10_11_2025,COL,SAN,Protran1,2,FMA_NJU,13,PSTR,109,H,T,255,,,COL_SAN_Protran1_255,,
102025,10_11_2025,COL,SAN,Protran1,2,FMA_NJU,13,PSTR,59,H,T,256,,,COL_SAN_Protran1_256,,
102025,10_11_2025,COL,SAN,Protran1,2,FMA_NJU,14,PSTR,14,H,T,257,,,COL_SAN_Protran1_257,,
102025,10_11_2025,COL,SAN,Protran1,2,FMA_NJU,14,PSTR,110,H,T,258,,,COL_SAN_Protran1_258,,
102025,10_11_2025,COL,SAN,Protran1,2,FMA_NJU,14,PSTR,62,H,T,259,,,COL_SAN_Protran1_259,,
102025,10_11_2025,COL,SAN,Protran1,2,FMA_NJU,15,PSTR,15,H,T,260,,,COL_SAN_Protran1_260,,
102025,10_11_2025,COL,SAN,Protran1,2,FMA_NJU,15,PSTR,111,H,T,261,,,COL_SAN_Protran1_261,,
102025,10_11_2025,COL,SAN,Protran1,2,FMA_NJU,15,PSTR,63,H,T,262,,,COL_SAN_Protran1_262,,
102025,10_11_2025,COL,SAN,Protran1,2,FMA_NJU,16,PSTR,64,H,T,263,,,COL_SAN_Protran1_263,,
102025,10_11_2025,COL,SAN,Protran1,2,FMA_NJU,16,PSTR,112,H,T,264,,,COL_SAN_Protran1_264,,
102025,10_11_2025,COL,SAN,Protran1,2,FMA_NJU,16,PSTR,16,H,T,265,,,COL_SAN_Protran1_265,,
102025,10_11_2025,COL,SAN,Protran1,2,FMA_NJU,29,MCAV,77,H,T,266,,,COL_SAN_Protran1_266,,
102025,10_11_2025,COL,SAN,Protran1,2,FMA_NJU,29,MCAV,29,H,T,267,,,COL_SAN_Protran1_267,,
102025,10_11_2025,COL,SAN,Protran1,2,FMA_NJU,29,MCAV,125,H,T,268,,,COL_SAN_Protran1_268,,
102025,10_11_2025,COL,SAN,Protran1,2,FMA_NJU,30,MCAV,78,H,T,269,,,COL_SAN_Protran1_269,,
102025,10_11_2025,COL,SAN,Protran1,2,FMA_NJU,30,MCAV,30,H,T,270,,,COL_SAN_Protran1_270,,
102025,10_11_2025,COL,SAN,Protran1,2,FMA_NJU,30,MCAV,126,H,T,271,,,COL_SAN_Protran1_271,,
102025,10_11_2025,COL,SAN,Protran1,2,FMA_NJU,31,MCAV,31,H,T,272,,,COL_SAN_Protran1_272,,
102025,10_11_2025,COL,SAN,Protran1,2,FMA_NJU,31,MCAV,127,H,T,273,,,COL_SAN_Protran1_273,,
102025,10_11_2025,COL,SAN,Protran1,2,FMA_NJU,31,MCAV,79,H,T,274,,,COL_SAN_Protran1_274,,
102025,10_11_2025,COL,SAN,Protran1,2,FMA_NJU,32,MCAV,80,H,T,275,,,COL_SAN_Protran1_275,,
102025,10_11_2025,COL,SAN,Protran1,2,FMA_NJU,32,MCAV,32,H,T,276,,,COL_SAN_Protran1_276,,
102025,10_11_2025,COL,SAN,Protran1,2,FMA_NJU,32,MCAV,128,H,T,277,,,COL_SAN_Protran1_277,,
102025,10_11_2025,COL,SAN,Protran1,2,FMA_NJU,45,OFAV,93,H,T,278,,,COL_SAN_Protran1_278,,
102025,10_11_2025,COL,SAN,Protran1,2,FMA_NJU,45,OFAV,141,H,T,279,,,COL_SAN_Protran1_279,,"pale, algae growth on edges"
102025,10_11_2025,COL,SAN,Protran1,2,FMA_NJU,45,OFAV,45,H,T,280,,,COL_SAN_Protran1_280,,paling on edge
102025,10_11_2025,COL,SAN,Protran1,2,FMA_NJU,46,OFAV,142,H,T,281,,,COL_SAN_Protran1_281,,"pale, algae growth on ends"
102025,10_11_2025,COL,SAN,Protran1,2,FMA_NJU,46,OFAV,94,H,T,282,,,COL_SAN_Protran1_282,,
102025,10_11_2025,COL,SAN,Protran1,2,FMA_NJU,46,OFAV,46,H,T,283,,,COL_SAN_Protran1_283,,
102025,10_11_2025,COL,SAN,Protran1,2,FMA_NJU,47,OFAV,95,H,T,284,,,COL_SAN_Protran1_284,,
102025,10_11_2025,COL,SAN,Protran1,2,FMA_NJU,47,OFAV,143,H,T,285,,,COL_SAN_Protran1_285,,pale
102025,10_11_2025,COL,SAN,Protran1,2,FMA_NJU,47,OFAV,47,H,T,286,,,COL_SAN_Protran1_286,,
102025,10_11_2025,COL,SAN,Protran1,2,FMA_NJU,48,OFAV,144,H,T,287,,,COL_SAN_Protran1_287,,pale
102025,10_11_2025,COL,SAN,Protran1,2,FMA_NJU,48,OFAV,96,H,T,288,,,COL_SAN_Protran1_288,,"pale edge, white line"
102025,10_11_2025,COL,SAN,Protran1,2,FMA_NJU,48,OFAV,48,H,T,289,,,COL_SAN_Protran1_289,,
102025,10_11_2025,COL,SAN,Protran1,2,FMA_NJU,1,OFAV,T94-2,H,T,290,,,COL_SAN_Protran1_290,,"H FRAG 20:00pm, tank # is what frag was placed into"
102025,10_11_2025,COL,SAN,Protran1,2,FMA_NJU,2,OFAV,T94-4,H,T,291,,,COL_SAN_Protran1_291,,
102025,10_11_2025,COL,SAN,Protran1,2,FMA_NJU,3,OFAV,T94-6,H,T,292,,,COL_SAN_Protran1_292,,
102025,10_11_2025,COL,SAN,Protran1,2,FMA_NJU,4,MCAV,T12-2,H,T,314,,,COL_SAN_Protran1_314,,
102025,10_11_2025,COL,SAN,Protran1,2,FMA_NJU,17,OFAV,T25-2,H,T,293,,,COL_SAN_Protran1_293,,
102025,10_11_2025,COL,SAN,Protran1,2,FMA_NJU,18,OFAV,T25-4,H,T,294,,,COL_SAN_Protran1_294,,
102025,10_11_2025,COL,SAN,Protran1,2,FMA_NJU,19,OFAV,T25-6,H,T,295,,,COL_SAN_Protran1_295,,
102025,10_11_2025,COL,SAN,Protran1,2,FMA_NJU,20,OFAV,T25-8,H,T,296,,,COL_SAN_Protran1_296,,
102025,10_11_2025,COL,SAN,Protran1,2,FMA_NJU,5,OFAV,T94-1,H,T,297,,,COL_SAN_Protran1_297,,
102025,10_11_2025,COL,SAN,Protran1,2,FMA_NJU,6,OFAV,T94-3,H,T,298,,,COL_SAN_Protran1_298,,
102025,10_11_2025,COL,SAN,Protran1,2,FMA_NJU,7,OFAV,T94-5,H,T,299,,,COL_SAN_Protran1_299,,
102025,10_11_2025,COL,SAN,Protran1,2,FMA_NJU,8,MCAV,T12-1,H,T,300,,,COL_SAN_Protran1_300,,
102025,10_11_2025,COL,SAN,Protran1,2,FMA_NJU,21,OFAV,T25-1,H,T,301,,,COL_SAN_Protran1_301,,
102025,10_11_2025,COL,SAN,Protran1,2,FMA_NJU,22,OFAV,T25-3,H,T,302,,,COL_SAN_Protran1_302,,23:45pm
102025,10_11_2025,COL,SAN,Protran1,2,FMA_NJU,23,OFAV,T25-5,H,T,303,,,COL_SAN_Protran1_303,,
102025,10_11_2025,COL,SAN,Protran1,2,FMA_NJU,24,OFAV,T25-7,H,T,304,,,COL_SAN_Protran1_304,,
102025,10_11_2025,COL,SAN,Protran1,2,FMA_NJU,33,MCAV,T12-4,H,T,305,,,COL_SAN_Protran1_305,,
102025,10_11_2025,COL,SAN,Protran1,2,FMA_NJU,34,MCAV,T12-6,H,T,306,,,COL_SAN_Protran1_306,,
102025,10_11_2025,COL,SAN,Protran1,2,FMA_NJU,35,PSTR,T96-2,H,T,307,,,COL_SAN_Protran1_307,,
102025,10_11_2025,COL,SAN,Protran1,2,FMA_NJU,36,PSTR,T96-4,H,T,308,,,COL_SAN_Protran1_308,,
102025,10_11_2025,COL,SAN,Protran1,2,FMA_NJU,9,OFAV,T10-2,D,M,309,,,COL_SAN_Protran1_309,,
102025,10_11_2025,COL,SAN,Protran1,2,FMA_NJU,9,OFAV,T10-2,D,T,310,,,COL_SAN_Protran1_310,,lost perfect margin
102025,10_11_2025,COL,SAN,Protran1,2,FMA_NJU,10,OFAV,T10-6,D,M,311,,,COL_SAN_Protran1_311,,disease very far along
102025,10_11_2025,COL,SAN,Protran1,2,FMA_NJU,10,OFAV,T10-6,D,T,312,,,COL_SAN_Protran1_312,,
102025,10_11_2025,COL,SAN,Protran1,2,FMA_NJU,11,OFAV,T10-4,D,M,313,,,COL_SAN_Protran1_313,,disease very far along - margins almost gone
102025,10_11_2025,COL,SAN,Protran1,2,FMA_NJU,11,OFAV,T10-4,D,T,315,,,COL_SAN_Protran1_315,,
102025,10_11_2025,COL,SAN,Protran1,2,FMA_NJU,12,MCAV,T3-2,D,M,316,,,COL_SAN_Protran1_316,,great margin
102025,10_11_2025,COL,SAN,Protran1,2,FMA_NJU,12,MCAV,T3-2,D,T,317,,,COL_SAN_Protran1_317,,
102025,10_11_2025,COL,SAN,Protran1,2,FMA_NJU,25,OFAV,T9-2,D,M,318,,,COL_SAN_Protran1_318,,
102025,10_11_2025,COL,SAN,Protran1,2,FMA_NJU,25,OFAV,T9-2,D,T,319,,,COL_SAN_Protran1_319,,
102025,10_11_2025,COL,SAN,Protran1,2,FMA_NJU,26,OFAV,T9-4,D,M,320,,,COL_SAN_Protran1_320,,
102025,10_11_2025,COL,SAN,Protran1,2,FMA_NJU,26,OFAV,T9-4,D,T,321,,,COL_SAN_Protran1_321,,
102025,10_11_2025,COL,SAN,Protran1,2,FMA_NJU,27,OFAV,T2-2,D,M,322,,,COL_SAN_Protran1_322,,
102025,10_11_2025,COL,SAN,Protran1,2,FMA_NJU,27,OFAV,T2-2,D,T,323,,,COL_SAN_Protran1_323,,
102025,10_11_2025,COL,SAN,Protran1,2,FMA_NJU,28,OFAV,T2-4,D,M,324,,,COL_SAN_Protran1_324,,
102025,10_11_2025,COL,SAN,Protran1,2,FMA_NJU,28,OFAV,T2-4,D,T,325,,,COL_SAN_Protran1_325,,
102025,10_11_2025,COL,SAN,Protran1,2,FMA_NJU,41,MCAV,T11-2,D,M,326,,,COL_SAN_Protran1_326,,
102025,10_11_2025,COL,SAN,Protran1,2,FMA_NJU,41,MCAV,T11-2,D,T,327,,,COL_SAN_Protran1_327,,
102025,10_11_2025,COL,SAN,Protran1,2,FMA_NJU,42,MCAV,T11-4,D,M,328,,,COL_SAN_Protran1_328,,
102025,10_11_2025,COL,SAN,Protran1,2,FMA_NJU,42,MCAV,T11-4,D,T,329,,,COL_SAN_Protran1_329,,
102025,10_11_2025,COL,SAN,Protran1,2,FMA_NJU,43,PSTR,T7-2,D,M,330,,,COL_SAN_Protran1_330,,
102025,10_11_2025,COL,SAN,Protran1,2,FMA_NJU,43,PSTR,T7-2,D,T,331,,,COL_SAN_Protran1_331,,
102025,10_11_2025,COL,SAN,Protran1,2,FMA_NJU,44,PSTR,T7-4,D,M,332,,,COL_SAN_Protran1_332,,
102025,10_11_2025,COL,SAN,Protran1,2,FMA_NJU,44,PSTR,T7-4,D,T,333,,,COL_SAN_Protran1_333,,
102025,10_11_2025,COL,SAN,Protran1,2,FMA_NJU,13,OFAV,T10-1,D,M,334,,,COL_SAN_Protran1_334,,
102025,10_11_2025,COL,SAN,Protran1,2,FMA_NJU,13,OFAV,T10-1,D,T,335,,,COL_SAN_Protran1_335,,
102025,10_11_2025,COL,SAN,Protran1,2,FMA_NJU,14,OFAV,T10-5,D,M,336,,,COL_SAN_Protran1_336,,"all look dying, uniform paling, smelly"
102025,10_11_2025,COL,SAN,Protran1,2,FMA_NJU,15,OFAV,T10-3,D,M,337,,,COL_SAN_Protran1_337,,
102025,10_11_2025,COL,SAN,Protran1,2,FMA_NJU,15,OFAV,T10-3,D,T,338,,,COL_SAN_Protran1_338,,
102025,10_11_2025,COL,SAN,Protran1,2,FMA_NJU,16,MCAV,T3-1,D,M,339,,,COL_SAN_Protran1_339,,
102025,10_11_2025,COL,SAN,Protran1,2,FMA_NJU,16,MCAV,T3-1,D,T,340,,,COL_SAN_Protran1_340,,
102025,10_11_2025,COL,SAN,Protran1,2,FMA_NJU,29,OFAV,T9-1,D,M,341,,,COL_SAN_Protran1_341,,
102025,10_11_2025,COL,SAN,Protran1,2,FMA_NJU,29,OFAV,T9-1,D,T,342,,,COL_SAN_Protran1_342,,
102025,10_11_2025,COL,SAN,Protran1,2,FMA_NJU,30,OFAV,T9-3,D,M,343,,,COL_SAN_Protran1_343,,
102025,10_11_2025,COL,SAN,Protran1,2,FMA_NJU,30,OFAV,T9-3,D,T,344,,,COL_SAN_Protran1_344,,
102025,10_11_2025,COL,SAN,Protran1,2,FMA_NJU,31,OFAV,T2-1,D,M,345,,,COL_SAN_Protran1_345,,
102025,10_11_2025,COL,SAN,Protran1,2,FMA_NJU,31,OFAV,T2-1,D,T,346,,,COL_SAN_Protran1_346,,
102025,10_11_2025,COL,SAN,Protran1,2,FMA_NJU,32,OFAV,T2-3,D,M,347,,,COL_SAN_Protran1_347,,
102025,10_11_2025,COL,SAN,Protran1,2,FMA_NJU,32,OFAV,T2-3,D,T,348,,,COL_SAN_Protran1_348,,
102025,10_11_2025,COL,SAN,Protran1,2,FMA_NJU,45,MCAV,T11-1,D,M,349,,,COL_SAN_Protran1_349,,
102025,10_11_2025,COL,SAN,Protran1,2,FMA_NJU,45,MCAV,T11-1,D,T,350,,,COL_SAN_Protran1_350,,
102025,10_11_2025,COL,SAN,Protran1,2,FMA_NJU,46,MCAV,T11-3,D,M,351,,,COL_SAN_Protran1_351,,
102025,10_11_2025,COL,SAN,Protran1,2,FMA_NJU,46,MCAV,T11-3,D,T,352,,,COL_SAN_Protran1_352,,
102025,10_11_2025,COL,SAN,Protran1,2,FMA_NJU,47,PSTR,T7-1,D,M,353,,,COL_SAN_Protran1_353,,
102025,10_11_2025,COL,SAN,Protran1,2,FMA_NJU,47,PSTR,T7-1,D,T,354,,,COL_SAN_Protran1_354,,
102025,10_11_2025,COL,SAN,Protran1,2,FMA_NJU,48,PSTR,T7-3,D,M,355,,,COL_SAN_Protran1_355,,
102025,10_11_2025,COL,SAN,Protran1,2,FMA_NJU,48,PSTR,T7-3,D,T,356,,,COL_SAN_Protran1_356,,
102025,10_13_2025,COL,SAN,Protran1,2.1,SUS_JR,48,OFAV,48,H,T,357,,,COL_SAN_Protran1_357,,White in edges but no progression line
102025,10_13_2025,COL,SAN,Protran1,2.1,SUS_JR,44,OFAV,44,D,M,358,,,COL_SAN_Protran1_358,,
102025,10_13_2025,COL,SAN,Protran1,2.1,SUS_JR,44,OFAV,44,D,T,359,,,COL_SAN_Protran1_359,,
102025,10_14_2025,COL,SAN,Protran1,2.1,SUS_JR,9,OFAV,T14-1,D,M,360,,,COL_SAN_Protran1_360,,
102025,10_14_2025,COL,SAN,Protran1,2.1,SUS_JR,9,OFAV,T14-1,D,T,361,,,COL_SAN_Protran1_361,,
102025,10_14_2025,COL,SAN,Protran1,2.1,SUS_JR,10,OFAV,T14-3,D,M,362,,,COL_SAN_Protran1_362,,
102025,10_14_2025,COL,SAN,Protran1,2.1,SUS_JR,10,OFAV,T14-3,D,M,363,,,COL_SAN_Protran1_363,,
102025,10_14_2025,COL,SAN,Protran1,2.1,SUS_JR,13,OFAV,T14-2,D,T,364,,,COL_SAN_Protran1_364,,
102025,10_14_2025,COL,SAN,Protran1,2.1,SUS_JR,13,OFAV,T14-2,D,T,365,,,COL_SAN_Protran1_365,,
102025,10_14_2025,COL,SAN,Protran1,2.1,SUS_JR,14,OFAV,T14-1,D,M,366,,,COL_SAN_Protran1_366,,
102025,10_14_2025,COL,SAN,Protran1,2.1,SUS_JR,14,OFAV,T14-1,D,T,367,,,COL_SAN_Protran1_367,,
102025,10_14_2025,COL,SAN,Protran1,2.1,SUS_JR,11,OFAV,T14-1,D,M,368,,,COL_SAN_Protran1_368,,
102025,10_14_2025,COL,SAN,Protran1,2.1,SUS_JR,11,OFAV,T14-1,D,T,369,,,COL_SAN_Protran1_369,,
102025,10_14_2025,COL,SAN,Protran1,2.1,SUS_JR,15,OFAV,T19-2,D,M,370,,,COL_SAN_Protran1_370,,
102025,10_14_2025,COL,SAN,Protran1,2.1,SUS_JR,15,OFAV,T19-2,D,T,371,,,COL_SAN_Protran1_371,,
102025,10_14_2025,COL,SAN,Protran1,2.1,SUS_JR,27,OANN,T16-1,D,M,372,,,COL_SAN_Protran1_372,,
102025,10_14_2025,COL,SAN,Protran1,2.1,SUS_JR,27,OANN,T16-1,D,T,373,,,COL_SAN_Protran1_373,,
102025,10_14_2025,COL,SAN,Protran1,2.1,SUS_JR,31,OANN,T16-2,D,M,374,,,COL_SAN_Protran1_374,,
102025,10_14_2025,COL,SAN,Protran1,2.1,SUS_JR,31,OANN,T16-2,D,T,375,,,COL_SAN_Protran1_375,,
102025,10_14_2025,COL,SAN,Protran1,2.1,SUS_JR,28,OANN,T15-1,D,M,376,,,COL_SAN_Protran1_376,,
102025,10_14_2025,COL,SAN,Protran1,2.1,SUS_JR,28,OANN,T15-1,D,T,377,,,COL_SAN_Protran1_377,,
102025,10_14_2025,COL,SAN,Protran1,2.1,SUS_JR,32,OANN,T15-2,D,M,378,,,COL_SAN_Protran1_378,,
102025,10_14_2025,COL,SAN,Protran1,2.1,SUS_JR,32,OANN,T15-2,D,T,379,,,COL_SAN_Protran1_379,,
102025,10_14_2025,COL,SAN,Protran1,2.1,SUS_JR,48,OFAV,144,H,T,380,,,COL_SAN_Protran1_380,,
102025,10_14_2025,COL,SAN,Protran1,2.1,SUS_JR,44,OFAV,140,D,M,381,,,COL_SAN_Protran1_381,,
102025,10_14_2025,COL,SAN,Protran1,2.1,SUS_JR,44,OFAV,140,D,T,382,,,COL_SAN_Protran1_382,,
102025,10_15_2025,COL,SAN,Protran1,2.1,SUS_JR,6,PSTR,54,D,M,383,,,COL_SAN_Protran1_383,,
102025,10_15_2025,COL,SAN,Protran1,2.1,SUS_JR,6,PSTR,54,D,T,384,,,COL_SAN_Protran1_384,,
102025,10_15_2025,COL,SAN,Protran1,2.1,SUS_JR,9,PSTR,57,D,M,385,,,COL_SAN_Protran1_385,,
102025,10_15_2025,COL,SAN,Protran1,2.1,SUS_JR,9,PSTR,57,D,T,386,,,COL_SAN_Protran1_386,,
102025,10_16_2025,COL,SAN,Protran1,2.1,SUS_JR,12,PSTR,61,D,M,387,,,COL_SAN_Protran1_387,,
102025,10_16_2025,COL,SAN,Protran1,2.1,SUS_JR,12,PSTR,61,D,T,388,,,COL_SAN_Protran1_388,,
102025,10_16_2025,COL,SAN,Protran1,2.1,SUS_JR,43,OFAV,139,D,M,389,,,COL_SAN_Protran1_389,,
102025,10_16_2025,COL,SAN,Protran1,2.1,SUS_JR,43,OFAV,139,D,T,390,,,COL_SAN_Protran1_390,,
102025,10_16_2025,COL,SAN,Protran1,2.1,SUS_JR,44,OFAV,92,D,M,391,,,COL_SAN_Protran1_391,,
102025,10_16_2025,COL,SAN,Protran1,2.1,SUS_JR,44,OFAV,92,D,T,392,,,COL_SAN_Protran1_392,,
102025,10_16_2025,COL,SAN,Protran1,2.1,SUS_JR,48,OFAV,48,S,T,393,,,COL_SAN_Protran1_393,,no disease signs but dying (stress) 1 sample of live tissue
102025,10_17_2025,COL,SAN,Protran1,2.1,SUS_JR,42,OFAV,42,D,M,394,,,COL_SAN_Protran1_394,,
102025,10_17_2025,COL,SAN,Protran1,2.1,SUS_JR,42,OFAV,42,D,T,395,,,COL_SAN_Protran1_395,,
102025,10_17_2025,COL,SAN,Protran1,2.1,SUS_JR,42,OFAV,138,D,M,396,,,COL_SAN_Protran1_396,,
102025,10_17_2025,COL,SAN,Protran1,2.1,SUS_JR,42,OFAV,138,D,T,397,,,COL_SAN_Protran1_397,,
102025,10_17_2025,COL,SAN,Protran1,2.1,SUS_JR,47,OFAV,47,D,M,398,,,COL_SAN_Protran1_398,,
102025,10_17_2025,COL,SAN,Protran1,2.1,SUS_JR,47,OFAV,47,D,T,399,,,COL_SAN_Protran1_399,,
102025,10_18_2025,COL,SAN,Protran1,2.1,EP_JR,9,PSTR,57,D,M,400,,,COL_SAN_Protran1_400,,mostly dead
102025,10_18_2025,COL,SAN,Protran1,2.1,EP_JR,9,PSTR,57,D,T,401,,,COL_SAN_Protran1_401,,mostly dead
102025,10_18_2025,COL,SAN,Protran1,2.1,EP_JR,12,PSTR,61,D,M,402,,,COL_SAN_Protran1_402,,
102025,10_18_2025,COL,SAN,Protran1,2.1,EP_JR,12,PSTR,61,D,T,403,,,COL_SAN_Protran1_403,,small sample
102025,10_18_2025,COL,SAN,Protran1,2.1,EP_JR,43,OFAV,91,D,M,404,,,COL_SAN_Protran1_404,,
102025,10_18_2025,COL,SAN,Protran1,2.1,EP_JR,43,OFAV,91,D,T,405,,,COL_SAN_Protran1_405,,
102025,10_18_2025,COL,SAN,Protran1,2.1,EP_JR,15,PSTR,111,D,M,406,,,COL_SAN_Protran1_406,,
102025,10_18_2025,COL,SAN,Protran1,2.1,EP_JR,15,PSTR,111,D,T,407,,,COL_SAN_Protran1_407,,
102025,10_18_2025,COL,SAN,Protran1,2.1,EP_JR,47,OFAV,143,D,M,408,,,COL_SAN_Protran1_408,,
102025,10_18_2025,COL,SAN,Protran1,2.1,EP_JR,47,OFAV,143,D,T,409,,,COL_SAN_Protran1_409,,
102025,10_18_2025,COL,SAN,Protran1,2.1,EP_JR,48,OFAV,144,D,M,410,,,COL_SAN_Protran1_410,,
102025,10_18_2025,COL,SAN,Protran1,2.1,EP_JR,48,OFAV,144,D,T,411,,,COL_SAN_Protran1_411,,
102025,10_19_2025,COL,SAN,Protran1,2.1,EP_SUS,2,OFAV,T94-4,D,M,412,,,COL_SAN_Protran1_412,,
102025,10_19_2025,COL,SAN,Protran1,2.1,EP_SUS,2,OFAV,T94-4,D,T,413,,,COL_SAN_Protran1_413,,
102025,10_19_2025,COL,SAN,Protran1,2.1,EP_SUS,4,PSTR,52,D,M,414,,,COL_SAN_Protran1_414,,
102025,10_19_2025,COL,SAN,Protran1,2.1,EP_SUS,4,PSTR,52,D,T,415,,,COL_SAN_Protran1_415,,
102025,10_19_2025,COL,SAN,Protran1,2.1,EP_SUS,35,OFAV,34,D,M,416,,,COL_SAN_Protran1_416,,
102025,10_19_2025,COL,SAN,Protran1,2.1,EP_SUS,35,OFAV,34,D,T,417,,,COL_SAN_Protran1_417,,
102025,10_19_2025,COL,SAN,Protran1,2.1,EP_SUS,9,PSTR,105,D,M,418,,,COL_SAN_Protran1_418,,
102025,10_19_2025,COL,SAN,Protran1,2.1,EP_SUS,9,PSTR,105,D,T,419,,,COL_SAN_Protran1_419,,
102025,10_19_2025,COL,SAN,Protran1,2.1,EP_SUS,9,PSTR,9,D,M,420,,,COL_SAN_Protran1_420,,
102025,10_19_2025,COL,SAN,Protran1,2.1,EP_SUS,9,PSTR,9,D,T,421,,,COL_SAN_Protran1_421,,
102025,10_19_2025,COL,SAN,Protran1,2.1,EP_SUS,28,MCAV,28,D,M,422,,,COL_SAN_Protran1_422,,
102025,10_19_2025,COL,SAN,Protran1,2.1,EP_SUS,28,MCAV,28,D,T,423,,,COL_SAN_Protran1_423,,
102025,10_19_2025,COL,SAN,Protran1,2.1,EP_SUS,13,PSTR,13,D,M,424,,,COL_SAN_Protran1_424,,
102025,10_19_2025,COL,SAN,Protran1,2.1,EP_SUS,13,PSTR,13,D,T,425,,,COL_SAN_Protran1_425,,
102025,10_19_2025,COL,SAN,Protran1,2.1,EP_SUS,46,MCAV,T11-3,D,M,426,,,COL_SAN_Protran1_426,,
102025,10_19_2025,COL,SAN,Protran1,2.1,EP_SUS,46,MCAV,T11-3,D,T,427,,,COL_SAN_Protran1_427,,
102025,10_19_2025,COL,SAN,Protran1,2.1,EP_SUS,47,PSTR,T7-1,D,M,428,,,COL_SAN_Protran1_428,,
102025,10_19_2025,COL,SAN,Protran1,2.1,EP_SUS,47,PSTR,T7-1,D,T,429,,,COL_SAN_Protran1_429,,
102025,10_19_2025,COL,SAN,Protran1,2.1,EP_SUS,13,PSTR,59,D,M,430,,,COL_SAN_Protran1_430,,
102025,10_19_2025,COL,SAN,Protran1,2.1,EP_SUS,13,PSTR,59,D,T,431,,,COL_SAN_Protran1_431,,
102025,10_19_2025,COL,SAN,Protran1,2.1,EP_SUS,16,PSTR,16,D,M,432,,,COL_SAN_Protran1_432,,
102025,10_19_2025,COL,SAN,Protran1,2.1,EP_SUS,16,PSTR,16,D,T,433,,,COL_SAN_Protran1_433,,
102025,10_19_2025,COL,SAN,Protran1,2.1,EP_SUS,31,MCAV,31,D,M,434,,,COL_SAN_Protran1_434,,
102025,10_19_2025,COL,SAN,Protran1,2.1,EP_SUS,31,MCAV,31,D,T,435,,,COL_SAN_Protran1_435,,
102025,10_19_2025,COL,SAN,Protran1,2.1,EP_SUS,31,MCAV,79,D,M,436,,,COL_SAN_Protran1_436,,
102025,10_19_2025,COL,SAN,Protran1,2.1,EP_SUS,31,MCAV,79,D,T,437,,,COL_SAN_Protran1_437,,
102025,10_19_2025,COL,SAN,Protran1,2.1,EP_SUS,32,MCAV,80,D,M,438,,,COL_SAN_Protran1_438,,
102025,10_19_2025,COL,SAN,Protran1,2.1,EP_SUS,32,MCAV,80,D,T,439,,,COL_SAN_Protran1_439,,
102025,10_19_2025,COL,SAN,Protran1,2.1,EP_SUS,45,OFAV,141,D,M,440,,,COL_SAN_Protran1_440,,
102025,10_19_2025,COL,SAN,Protran1,2.1,EP_SUS,45,OFAV,141,D,T,441,,,COL_SAN_Protran1_441,,
102025,10_19_2025,COL,SAN,Protran1,2.1,EP_SUS,23,OFAV,T25-5,H,T,442,,,COL_SAN_Protran1_442,,
102025,10_19_2025,COL,SAN,Protran1,2.1,EP_SUS,30,OFAV,T9-3,D,M,443,,,COL_SAN_Protran1_443,,
102025,10_19_2025,COL,SAN,Protran1,2.1,EP_SUS,30,OFAV,T9-3,D,T,444,,,COL_SAN_Protran1_444,,
102025,10_20_2025,COL,SAN,Protran1,3,SUS_JR,1,PSTR,1,H,T,445,,,COL_SAN_Protran1_445,,
102025,10_20_2025,COL,SAN,Protran1,3,SUS_JR,1,PSTR,97,H,T,446,,,COL_SAN_Protran1_446,,
102025,10_20_2025,COL,SAN,Protran1,3,SUS_JR,1,PSTR,49,H,T,447,,,COL_SAN_Protran1_447,,
102025,10_20_2025,COL,SAN,Protran1,3,SUS_JR,2,PSTR,2,H,T,448,,,COL_SAN_Protran1_448,,
102025,10_20_2025,COL,SAN,Protran1,3,SUS_JR,2,PSTR,98,H,T,449,,,COL_SAN_Protran1_449,,
102025,10_20_2025,COL,SAN,Protran1,3,SUS_JR,2,PSTR,50,H,T,450,,,COL_SAN_Protran1_450,,
102025,10_20_2025,COL,SAN,Protran1,3,SUS_JR,3,PSTR,3,H,T,451,,,COL_SAN_Protran1_451,,
102025,10_20_2025,COL,SAN,Protran1,3,SUS_JR,3,PSTR,99,H,T,452,,,COL_SAN_Protran1_452,,
102025,10_20_2025,COL,SAN,Protran1,3,SUS_JR,3,PSTR,51,H,T,453,,,COL_SAN_Protran1_453,,
102025,10_20_2025,COL,SAN,Protran1,3,SUS_JR,4,PSTR,4,H,T,454,,,COL_SAN_Protran1_454,,
102025,10_20_2025,COL,SAN,Protran1,3,SUS_JR,4,PSTR,100,H,T,455,,,COL_SAN_Protran1_455,,
102025,10_20_2025,COL,SAN,Protran1,3,SUS_JR,17,MCAV,17,H,T,456,,,COL_SAN_Protran1_456,,
102025,10_20_2025,COL,SAN,Protran1,3,SUS_JR,17,MCAV,69,H,T,457,,,COL_SAN_Protran1_457,,
102025,10_20_2025,COL,SAN,Protran1,3,SUS_JR,17,MCAV,113,H,T,458,,,COL_SAN_Protran1_458,,
102025,10_20_2025,COL,SAN,Protran1,3,SUS_JR,18,MCAV,18,H,T,459,,,COL_SAN_Protran1_459,,
102025,10_20_2025,COL,SAN,Protran1,3,SUS_JR,18,MCAV,65,H,T,460,,,COL_SAN_Protran1_460,,
102025,10_20_2025,COL,SAN,Protran1,3,SUS_JR,18,MCAV,114,H,T,461,,,COL_SAN_Protran1_461,,
102025,10_20_2025,COL,SAN,Protran1,3,SUS_JR,19,MCAV,19,H,T,462,,,COL_SAN_Protran1_462,,
102025,10_20_2025,COL,SAN,Protran1,3,SUS_JR,19,MCAV,66,H,T,463,,,COL_SAN_Protran1_463,,
102025,10_20_2025,COL,SAN,Protran1,3,SUS_JR,19,MCAV,115,H,T,464,,,COL_SAN_Protran1_464,,
102025,10_20_2025,COL,SAN,Protran1,3,SUS_JR,20,MCAV,20,H,T,465,,,COL_SAN_Protran1_465,,
102025,10_20_2025,COL,SAN,Protran1,3,SUS_JR,20,MCAV,67,H,T,466,,,COL_SAN_Protran1_466,,
102025,10_20_2025,COL,SAN,Protran1,3,SUS_JR,20,MCAV,116,H,T,467,,,COL_SAN_Protran1_467,,
102025,10_20_2025,COL,SAN,Protran1,3,SUS_JR,33,OFAV,81,H,T,468,,,COL_SAN_Protran1_468,,
102025,10_20_2025,COL,SAN,Protran1,3,SUS_JR,33,OFAV,129,H,T,469,,,COL_SAN_Protran1_469,,
102025,10_20_2025,COL,SAN,Protran1,3,SUS_JR,34,OFAV,130,H,T,470,,,COL_SAN_Protran1_470,,
102025,10_20_2025,COL,SAN,Protran1,3,SUS_JR,35,OFAV,83,H,T,471,,,COL_SAN_Protran1_471,,
102025,10_20_2025,COL,SAN,Protran1,3,SUS_JR,35,OFAV,131,H,T,472,,,COL_SAN_Protran1_472,,
102025,10_20_2025,COL,SAN,Protran1,3,SUS_JR,36,OFAV,35,H,T,473,,,COL_SAN_Protran1_473,,
102025,10_20_2025,COL,SAN,Protran1,3,SUS_JR,36,OFAV,84,H,T,474,,,COL_SAN_Protran1_474,,
102025,10_20_2025,COL,SAN,Protran1,3,SUS_JR,36,OFAV,132,H,T,475,,,COL_SAN_Protran1_475,,
102025,10_20_2025,COL,SAN,Protran1,3,SUS_JR,5,PSTR,3,H,T,476,,,COL_SAN_Protran1_476,,
102025,10_20_2025,COL,SAN,Protran1,3,SUS_JR,5,PSTR,101,H,T,477,,,COL_SAN_Protran1_477,,
102025,10_20_2025,COL,SAN,Protran1,3,SUS_JR,5,PSTR,53,H,T,478,,,COL_SAN_Protran1_478,,
102025,10_20_2025,COL,SAN,Protran1,3,SUS_JR,6,PSTR,102,H,T,479,,,COL_SAN_Protran1_479,,
102025,10_20_2025,COL,SAN,Protran1,3,SUS_JR,6,PSTR,6,D,M,480,,,COL_SAN_Protran1_480,,Don't know if it's sctld or stress
102025,10_20_2025,COL,SAN,Protran1,3,SUS_JR,6,PSTR,6,D,T,481,,,COL_SAN_Protran1_481,,
102025,10_20_2025,COL,SAN,Protran1,3,SUS_JR,7,PSTR,7,H,T,482,,,COL_SAN_Protran1_482,,
102025,10_20_2025,COL,SAN,Protran1,3,SUS_JR,7,PSTR,103,H,T,483,,,COL_SAN_Protran1_483,,
102025,10_20_2025,COL,SAN,Protran1,3,SUS_JR,7,PSTR,55,H,T,484,,,COL_SAN_Protran1_484,,
102025,10_20_2025,COL,SAN,Protran1,3,SUS_JR,8,PSTR,8,H,T,485,,,COL_SAN_Protran1_485,,
102025,10_20_2025,COL,SAN,Protran1,3,SUS_JR,8,PSTR,104,H,T,486,,,COL_SAN_Protran1_486,,
102025,10_20_2025,COL,SAN,Protran1,3,SUS_JR,8,PSTR,56,H,T,487,,,COL_SAN_Protran1_487,,
102025,10_20_2025,COL,SAN,Protran1,3,SUS_JR,21,MCAV,21,H,T,488,,,COL_SAN_Protran1_488,,
102025,10_20_2025,COL,SAN,Protran1,3,SUS_JR,21,MCAV,68,H,T,489,,,COL_SAN_Protran1_489,,
102025,10_20_2025,COL,SAN,Protran1,3,SUS_JR,21,MCAV,117,H,T,490,,,COL_SAN_Protran1_490,,
102025,10_20_2025,COL,SAN,Protran1,3,SUS_JR,22,MCAV,22,H,T,491,,,COL_SAN_Protran1_491,,
102025,10_20_2025,COL,SAN,Protran1,3,SUS_JR,22,MCAV,70,H,T,492,,,COL_SAN_Protran1_492,,
102025,10_20_2025,COL,SAN,Protran1,3,SUS_JR,22,MCAV,118,H,T,493,,,COL_SAN_Protran1_493,,
102025,10_20_2025,COL,SAN,Protran1,3,SUS_JR,23,MCAV,23,H,T,494,,,COL_SAN_Protran1_494,,
102025,10_20_2025,COL,SAN,Protran1,3,SUS_JR,23,MCAV,71,H,T,495,,,COL_SAN_Protran1_495,,
102025,10_20_2025,COL,SAN,Protran1,3,SUS_JR,23,MCAV,119,S,T,496,,,COL_SAN_Protran1_496,,"a lot of biofilm, stress"
102025,10_20_2025,COL,SAN,Protran1,3,SUS_JR,24,MCAV,24,H,T,497,,,COL_SAN_Protran1_497,,
102025,10_20_2025,COL,SAN,Protran1,3,SUS_JR,24,MCAV,72,H,T,498,,,COL_SAN_Protran1_498,,
102025,10_20_2025,COL,SAN,Protran1,3,SUS_JR,24,MCAV,120,H,T,499,,,COL_SAN_Protran1_499,,
102025,10_20_2025,COL,SAN,Protran1,3,SUS_JR,10,PSTR,10,H,T,500,,,COL_SAN_Protran1_500,,
102025,10_20_2025,COL,SAN,Protran1,3,SUS_JR,10,PSTR,106,H,T,501,,,COL_SAN_Protran1_501,,
102025,10_20_2025,COL,SAN,Protran1,3,SUS_JR,10,PSTR,58,H,T,502,,,COL_SAN_Protran1_502,,
102025,10_20_2025,COL,SAN,Protran1,3,SUS_JR,11,PSTR,11,H,T,503,,,COL_SAN_Protran1_503,,
102025,10_20_2025,COL,SAN,Protran1,3,SUS_JR,11,PSTR,107,H,T,504,,,COL_SAN_Protran1_504,,
102025,10_20_2025,COL,SAN,Protran1,3,SUS_JR,11,PSTR,60,H,T,505,,,COL_SAN_Protran1_505,,
102025,10_20_2025,COL,SAN,Protran1,3,SUS_JR,12,PSTR,12,D,M,506,,,COL_SAN_Protran1_506,,
102025,10_20_2025,COL,SAN,Protran1,3,SUS_JR,12,PSTR,12,D,T,507,,,COL_SAN_Protran1_507,,
102025,10_20_2025,COL,SAN,Protran1,3,SUS_JR,12,PSTR,108,D,M,508,,,COL_SAN_Protran1_508,,
102025,10_20_2025,COL,SAN,Protran1,3,SUS_JR,12,PSTR,108,D,T,509,,,COL_SAN_Protran1_509,,
102025,10_20_2025,COL,SAN,Protran1,3,SUS_JR,25,MCAV,25,H,T,510,,,COL_SAN_Protran1_510,,
102025,10_20_2025,COL,SAN,Protran1,3,SUS_JR,25,MCAV,73,D,M,511,,,COL_SAN_Protran1_511,,
102025,10_20_2025,COL,SAN,Protran1,3,SUS_JR,25,MCAV,73,D,T,512,,,COL_SAN_Protran1_512,,
102025,10_20_2025,COL,SAN,Protran1,3,SUS_JR,25,MCAV,121,H,T,513,,,COL_SAN_Protran1_513,,
102025,10_20_2025,COL,SAN,Protran1,3,SUS_JR,26,MCAV,26,H,T,514,,,COL_SAN_Protran1_514,,
102025,10_20_2025,COL,SAN,Protran1,3,SUS_JR,26,MCAV,74,H,T,515,,,COL_SAN_Protran1_515,,
102025,10_20_2025,COL,SAN,Protran1,3,SUS_JR,26,MCAV,122,H,T,516,,,COL_SAN_Protran1_516,,
102025,10_20_2025,COL,SAN,Protran1,3,SUS_JR,27,MCAV,27,H,T,517,,,COL_SAN_Protran1_517,,
102025,10_20_2025,COL,SAN,Protran1,3,SUS_JR,27,MCAV,75,H,T,518,,,COL_SAN_Protran1_518,,
102025,10_20_2025,COL,SAN,Protran1,3,SUS_JR,27,MCAV,123,H,T,519,,,COL_SAN_Protran1_519,,
102025,10_20_2025,COL,SAN,Protran1,3,SUS_JR,28,MCAV,76,H,T,520,,,COL_SAN_Protran1_520,,
102025,10_20_2025,COL,SAN,Protran1,3,SUS_JR,28,MCAV,124,H,T,521,,,COL_SAN_Protran1_521,,
102025,10_20_2025,COL,SAN,Protran1,3,SUS_JR,41,OFAV,41,H,T,522,,,COL_SAN_Protran1_522,,
102025,10_20_2025,COL,SAN,Protran1,3,SUS_JR,41,OFAV,89,D,M,523,,,COL_SAN_Protran1_523,,
102025,10_20_2025,COL,SAN,Protran1,3,SUS_JR,41,OFAV,89,D,T,524,,,COL_SAN_Protran1_524,,
102025,10_20_2025,COL,SAN,Protran1,3,SUS_JR,41,OFAV,137,S,T,525,,,COL_SAN_Protran1_525,,
102025,10_20_2025,COL,SAN,Protran1,3,SUS_JR,43,OFAV,43,D,M,526,,,COL_SAN_Protran1_526,,
102025,10_20_2025,COL,SAN,Protran1,3,SUS_JR,43,OFAV,43,D,T,527,,,COL_SAN_Protran1_527,,
102025,10_20_2025,COL,SAN,Protran1,3,SUS_JR,13,PSTR,109,H,T,528,,,COL_SAN_Protran1_528,,
102025,10_20_2025,COL,SAN,Protran1,3,SUS_JR,14,PSTR,14,H,T,529,,,COL_SAN_Protran1_529,,
102025,10_20_2025,COL,SAN,Protran1,3,SUS_JR,14,PSTR,62,H,T,530,,,COL_SAN_Protran1_530,,
102025,10_20_2025,COL,SAN,Protran1,3,SUS_JR,14,PSTR,110,H,T,531,,,COL_SAN_Protran1_531,,
102025,10_20_2025,COL,SAN,Protran1,3,SUS_JR,15,PSTR,15,H,T,532,,,COL_SAN_Protran1_532,,
102025,10_20_2025,COL,SAN,Protran1,3,SUS_JR,15,PSTR,63,H,T,533,,,COL_SAN_Protran1_533,,
102025,10_20_2025,COL,SAN,Protran1,3,SUS_JR,16,PSTR,112,D,M,534,,,COL_SAN_Protran1_534,,
102025,10_20_2025,COL,SAN,Protran1,3,SUS_JR,16,PSTR,112,D,T,535,,,COL_SAN_Protran1_535,,
102025,10_20_2025,COL,SAN,Protran1,3,SUS_JR,29,MCAV,29,H,T,536,,,COL_SAN_Protran1_536,,
102025,10_20_2025,COL,SAN,Protran1,3,SUS_JR,29,MCAV,77,H,T,537,,,COL_SAN_Protran1_537,,
102025,10_20_2025,COL,SAN,Protran1,3,SUS_JR,29,MCAV,125,H,T,538,,,COL_SAN_Protran1_538,,
102025,10_20_2025,COL,SAN,Protran1,3,SUS_JR,30,MCAV,30,H,T,539,,,COL_SAN_Protran1_539,,
102025,10_20_2025,COL,SAN,Protran1,3,SUS_JR,30,MCAV,78,H,T,540,,,COL_SAN_Protran1_540,,
102025,10_20_2025,COL,SAN,Protran1,3,SUS_JR,30,MCAV,126,H,T,541,,,COL_SAN_Protran1_541,,
102025,10_20_2025,COL,SAN,Protran1,3,SUS_JR,31,MCAV,127,H,T,542,,,COL_SAN_Protran1_542,,
102025,10_20_2025,COL,SAN,Protran1,3,SUS_JR,45,OFAV,93,H,T,543,,,COL_SAN_Protran1_543,,
102025,10_20_2025,COL,SAN,Protran1,3,SUS_JR,46,OFAV,94,D,M,544,,,COL_SAN_Protran1_544,,
102025,10_20_2025,COL,SAN,Protran1,3,SUS_JR,46,OFAV,94,D,T,545,,,COL_SAN_Protran1_545,,
102025,10_20_2025,COL,SAN,Protran1,3,SUS_JR,46,OFAV,142,H,T,546,,,COL_SAN_Protran1_546,,
102025,10_20_2025,COL,SAN,Protran1,3,SUS_JR,48,OFAV,144,D,M,547,,,COL_SAN_Protran1_547,,
102025,10_20_2025,COL,SAN,Protran1,3,SUS_JR,48,OFAV,144,D,T,548,,,COL_SAN_Protran1_548,,
102025,10_20_2025,COL,SAN,Protran1,3,SUS_JR,2,OFAV,T40-1,H,T,549,,,COL_SAN_Protran1_549,,
102025,10_20_2025,COL,SAN,Protran1,3,SUS_JR,6,OFAV,T40-2,H,T,550,,,COL_SAN_Protran1_550,,
102025,10_20_2025,COL,SAN,Protran1,3,SUS_JR,19,OFAV,T40-3,H,T,551,,,COL_SAN_Protran1_551,,
102025,10_20_2025,COL,SAN,Protran1,3,SUS_JR,23,OFAV,T40-4,H,T,552,,,COL_SAN_Protran1_552,,
102025,10_20_2025,COL,SAN,Protran1,3,SUS_JR,12,OFAV,T38-1,D,M,553,,,COL_SAN_Protran1_553,,
102025,10_20_2025,COL,SAN,Protran1,3,SUS_JR,12,OFAV,T38-1,D,T,554,,,COL_SAN_Protran1_554,,
102025,10_20_2025,COL,SAN,Protran1,3,SUS_JR,16,OFAV,T38-2,D,M,555,,,COL_SAN_Protran1_555,,
102025,10_20_2025,COL,SAN,Protran1,3,SUS_JR,16,OFAV,T38-2,D,T,556,,,COL_SAN_Protran1_556,,
102025,10_20_2025,COL,SAN,Protran1,3,SUS_JR,26,OFAV,T38-3,D,M,557,,,COL_SAN_Protran1_557,,
102025,10_20_2025,COL,SAN,Protran1,3,SUS_JR,26,OFAV,T38-3,D,T,558,,,COL_SAN_Protran1_558,,
102025,10_20_2025,COL,SAN,Protran1,3,SUS_JR,30,OFAV,T38-4,D,M,559,,,COL_SAN_Protran1_559,,
102025,10_20_2025,COL,SAN,Protran1,3,SUS_JR,30,OFAV,T38-4,D,T,560,,,COL_SAN_Protran1_560,,
102025,10_20_2025,COL,SAN,Protran1,3,SUS_JR,28,OFAV,T41-1,D,M,561,,,COL_SAN_Protran1_561,,
102025,10_20_2025,COL,SAN,Protran1,3,SUS_JR,28,OFAV,T41-1,D,T,562,,,COL_SAN_Protran1_562,,
102025,10_20_2025,COL,SAN,Protran1,3,SUS_JR,32,OFAV,T41-2,D,M,563,,,COL_SAN_Protran1_563,,
102025,10_20_2025,COL,SAN,Protran1,3,SUS_JR,32,OFAV,T41-2,D,T,564,,,COL_SAN_Protran1_564,,
102025,10_20_2025,COL,SAN,Protran1,3,SUS_JR,44,PSTR,T39-1,D,M,565,,,COL_SAN_Protran1_565,,
102025,10_20_2025,COL,SAN,Protran1,3,SUS_JR,44,PSTR,T39-1,D,T,566,,,COL_SAN_Protran1_566,,
102025,10_20_2025,COL,SAN,Protran1,3,SUS_JR,41,PSTR,T39-3,D,M,567,,,COL_SAN_Protran1_567,,"wrong coral was sampled first (see raw datasheet) - tube was reused. Rinsed with etoh, bleach, then rnalater before preserving correct sample. Camera died - photo taken later in the day "
102025,10_20_2025,COL,SAN,Protran1,3,SUS_JR,41,PSTR,T39-3,D,T,568,,,COL_SAN_Protran1_568,,Camera died - photo taken later in the day 
102025,10_20_2025,COL,SAN,Protran1,3,SUS_JR,45,PSTR,T39-4,D,M,569,,,COL_SAN_Protran1_569,,Camera died - photo taken later in the day 
102025,10_20_2025,COL,SAN,Protran1,3,SUS_JR,45,PSTR,T39-4,D,T,570,,,COL_SAN_Protran1_570,,Camera died - photo taken later in the day 
102025,10_21_2025,COL,SAN,Protran1,3.1,SUS_JR,13,PSTR,109,D,M,571,,,COL_SAN_Protran1_571,,was listed as healthy before 3rd time point sampling
102025,10_21_2025,COL,SAN,Protran1,3.1,SUS_JR,13,PSTR,109,D,T,572,,,COL_SAN_Protran1_572,,was listed as healthy before 3rd time point sampling
102025,10_22_2025,COL,SAN,Protran1,3.1,SUS_JR,2,PSTR,50,D,M,573,,,COL_SAN_Protran1_573,,
102025,10_22_2025,COL,SAN,Protran1,3.1,SUS_JR,2,PSTR,50,D,T,574,,,COL_SAN_Protran1_574,,
102025,10_22_2025,COL,SAN,Protran1,3.1,SUS_JR,4,PSTR,100,D,M,575,,,COL_SAN_Protran1_575,,
102025,10_22_2025,COL,SAN,Protran1,3.1,SUS_JR,4,PSTR,100,D,T,576,,,COL_SAN_Protran1_576,,
102025,10_22_2025,COL,SAN,Protran1,3.1,SUS_JR,4,MCAV,T12-2,D,M,577,,,COL_SAN_Protran1_577,,
102025,10_22_2025,COL,SAN,Protran1,3.1,SUS_JR,4,MCAV,T12-2,D,T,578,,,COL_SAN_Protran1_578,,
102025,10_22_2025,COL,SAN,Protran1,3.1,SUS_JR,17,OFAV,T25-2,D,M,579,,,COL_SAN_Protran1_579,,
102025,10_22_2025,COL,SAN,Protran1,3.1,SUS_JR,17,OFAV,T25-2,D,T,580,,,COL_SAN_Protran1_580,,
102025,10_22_2025,COL,SAN,Protran1,3.1,SUS_JR,27,MCAV,27,D,M,581,,,COL_SAN_Protran1_581,,
102025,10_22_2025,COL,SAN,Protran1,3.1,SUS_JR,27,MCAV,27,D,T,582,,,COL_SAN_Protran1_582,,
102025,10_22_2025,COL,SAN,Protran1,3.1,SUS_JR,27,MCAV,123,D,M,583,,,COL_SAN_Protran1_583,,
102025,10_22_2025,COL,SAN,Protran1,3.1,SUS_JR,27,MCAV,123,D,T,584,,,COL_SAN_Protran1_584,,
102025,10_22_2025,COL,SAN,Protran1,3.1,SUS_JR,14,PSTR,62,D,M,585,,,COL_SAN_Protran1_585,,
102025,10_22_2025,COL,SAN,Protran1,3.1,SUS_JR,14,PSTR,62,D,T,586,,,COL_SAN_Protran1_586,,
102025,10_22_2025,COL,SAN,Protran1,3.1,SUS_JR,41,OFAV,41,D,M,587,,,COL_SAN_Protran1_587,,
102025,10_22_2025,COL,SAN,Protran1,3.1,SUS_JR,41,OFAV,41,D,T,588,,,COL_SAN_Protran1_588,,
102025,10_22_2025,COL,SAN,Protran1,3.1,SUS_JR,45,OFAV,93,D,M,589,,,COL_SAN_Protran1_589,,
102025,10_22_2025,COL,SAN,Protran1,3.1,SUS_JR,45,OFAV,93,D,T,590,,,COL_SAN_Protran1_590,,
102025,10_23_2025,COL,SAN,Protran1,3.1,EP_JR,2,OFAV,T40-1,D,M,591,,,COL_SAN_Protran1_591,,
102025,10_23_2025,COL,SAN,Protran1,3.1,EP_JR,2,OFAV,T40-1,D,T,592,,,COL_SAN_Protran1_592,,
102025,10_23_2025,COL,SAN,Protran1,3.1,EP_JR,28,MCAV,76,D,M,593,,,COL_SAN_Protran1_593,,
102025,10_23_2025,COL,SAN,Protran1,3.1,EP_JR,28,MCAV,76,D,T,594,,,COL_SAN_Protran1_594,,
102025,10_23_2025,COL,SAN,Protran1,3.1,EP_JR,19,MCAV,66,D,M,595,,,COL_SAN_Protran1_595,,
102025,10_23_2025,COL,SAN,Protran1,3.1,EP_JR,19,MCAV,66,D,T,596,,,COL_SAN_Protran1_596,,
102025,10_23_2025,COL,SAN,Protran1,3.1,EP_JR,19,MCAV,66,na,na,601,,,COL_SAN_Protran1_601,,Biofilm sample
102025,10_23_2025,COL,SAN,Protran1,3.1,EP_JR,28,MCAV,124,D,M,597,,,COL_SAN_Protran1_597,,
102025,10_23_2025,COL,SAN,Protran1,3.1,EP_JR,28,MCAV,124,D,T,598,,,COL_SAN_Protran1_598,,
102025,10_23_2025,COL,SAN,Protran1,3.1,EP_JR,6,PSTR,102,D,M,599,,,COL_SAN_Protran1_599,,
102025,10_23_2025,COL,SAN,Protran1,3.1,EP_JR,6,PSTR,102,D,T,600,,,COL_SAN_Protran1_600,,
102025,10_23_2025,COL,SAN,Protran1,3.1,EP_JR,1,PSTR,T94-2,NA,NA,602,,,COL_SAN_Protran1_602,,Biofilm sample
102025,10_23_2025,COL,SAN,Protran1,3.1,EP_JR,19,MCAV,T40-3,D,T,603,,,COL_SAN_Protran1_603,,
102025,10_23_2025,COL,SAN,Protran1,3.1,EP_JR,19,MCAV,T40-3,D,M,604,,,COL_SAN_Protran1_604,,
102025,10_23_2025,COL,SAN,Protran1,3.1,EP_JR,17,MCAV,69,NA,NA,605,,,COL_SAN_Protran1_605,,Biofilm sample
102025,10_23_2025,COL,SAN,Protran1,3.1,EP_JR,8,PSTR,56,NA,NA,606,,,COL_SAN_Protran1_606,,Biofilm sample
102025,10_23_2025,COL,SAN,Protran1,3.1,EP_JR,30,MCAV,T38-4,NA,NA,607,,,COL_SAN_Protran1_607,,Biofilm sample